Player.Name,age,team,proj_points,proj_points_floor,proj_point_ceiling,chen_rank,Tier,Position,Best.Rank,Worst.Rank,Avg.Rank,Std.Dev,position_rank,real_time_adp,round_rank,yahoo_rank,sleeper_rank
Jahmyr Gibbs,24,DET,302.27000000000004,290.45,321.38000000000005,1,1,RB,1,3,1.6,0.91,RB1,1.2,1.01,1,1
Bijan Robinson,24,ATL,293.42,270.08000000000004,322.18,2,1,RB,1,5,2.42,0.99,RB2,2,1.02,2,2
Ja'Marr Chase,26,CIN,226.905,212.74,251.06,3,1,WR,2,6,2.44,0.89,WR1,3.5,1.03,3,3
Puka Nacua,25,LAR,233.30068499455456,220.74000000000004,246.96273997821822,4,1,WR,2,11,4.48,1.86,WR2,6.4,1.05,4,4
Christian McCaffrey,30,SFO,245.29,223.92000000000002,262.63,10,2,RB,3,37,10.92,6,RB3,5.9,1.04,5,6
Jaxon Smith-Njigba,24,SEA,218.53,202.56,239.72,5,1,WR,2,18,6.23,1.95,WR3,7.1,1.07,6,7
Jonathan Taylor,27,IND,267.21000000000004,248.65000000000003,286.46000000000004,7,2,RB,2,17,7.53,3.51,RB4,6.4,1.06,7,5
Amon-Ra St. Brown,27,DET,202.86,198.46000000000004,208.96000000000004,6,2,WR,4,12,6.99,1.14,WR4,7.8,1.08,8,8
CeeDee Lamb,27,DAL,178.38,159.47,202.25,9,2,WR,6,23,10.2,3.15,WR5,11,1.1,10,10
Saquon Barkley,29,PHI,229.1,211.22000000000003,261.71999999999997,15,3,RB,5,37,16.57,6.04,RB6,11.3,1.11,11,12
Justin Jefferson,27,MIN,175.315,153.1,201.39999999999998,11,2,WR,6,38,11.69,4.92,WR6,13,1.12,12,13
Ashton Jeanty,23,LVR,218.46,205.06,233.82000000000002,17,3,RB,5,42,17.2,6.87,RB7,14.1,1.13,13,11
De'Von Achane,25,MIA,224.4,211.56,240.10000000000002,25,4,RB,8,47,27.9,9.45,RB10,16.5,2.02,14,14
Chase Brown,26,CIN,212.81,205.34000000000003,226.11,20,4,RB,8,42,23.42,7.09,RB9,15.9,2.01,15,16
Kenneth Walker III,26,KCC,212.92000000000002,190.26,237,23,4,RB,13,45,24.93,9.03,RB8,14.8,1.14,16,17
Derrick Henry,32,BAL,241.75,218.57,267.13,12,3,RB,6,28,15.35,4.06,RB11,17.4,2.03,17,18
Drake London,25,ATL,180.79666666666665,155.42733333333334,213.25133333333332,13,3,WR,9,35,15.52,5.18,WR7,19.9,2.05,18,20
Omarion Hampton,23,LAC,210.64000000000001,189.15999999999997,241.6,22,4,RB,13,42,24.82,7.8,RB12,19,2.04,19,15
Josh Allen,30,BUF,347.688,340.55600000000004,359.048,24,4,QB,25,28,25.17,0.59,QB1,21.9,2.07,20,22
Brock Bowers,24,LVR,153.39000000000001,145.09,162.93000000000004,18,3,TE,16,56,18.08,6.15,TE1,21.4,2.06,21,21
Nico Collins,27,HOU,171.395,152.02,196.24,16,3,WR,10,35,17.16,5.04,WR9,22.7,2.09,22,23
George Pickens,25,DAL,169.57333333333332,152.67999999999998,195.64666666666665,19,3,WR,10,46,19.81,7.02,WR10,24.3,2.1,23,26
A.J. Brown,29,NEP,171.78,149.26000000000002,202.39999999999998,14,3,WR,7,35,15.72,6.01,WR8,22.5,2.08,24,19
Trey McBride,27,ARI,155.48000000000002,138.32,170.18,21,4,TE,16,67,24.51,7.74,TE2,28.2,2.12,25,24
Jeremiyah Love,21,ARI,183.57,155.94000000000003,207.71,43,7,RB,21,64,44.22,6.9,RB13,29.4,2.13,26,25
DeVonta Smith,28,PHI,151.28,134.36,171.85999999999999,31,5,WR,11,59,32.76,9.21,WR12,30.3,3.01,27,34
Kyren Williams,26,LAR,202.43,195.75,208.19,32,5,RB,15,49,32.92,6.9,RB14,29.7,2.14,28,27
Josh Jacobs,28,GBP,198.62,170.01999999999998,219.5,37,6,RB,15,57,37.47,8.31,RB15,33.2,3.02,29,29
Chris Olave,26,NOS,166.22333333333333,139.732,191.21066666666667,26,5,WR,18,50,28.39,7.72,WR13,33.5,3.04,30,32
Tee Higgins,27,CIN,154.39000000000001,139.45000000000002,173.76,30,5,WR,14,51,32.75,7.58,WR16,35,3.08,31,38
Malik Nabers,23,NYG,154.74,134.34,169.06,27,5,WR,9,61,29.63,11.35,WR11,28.2,2.11,32,31
Rashee Rice,26,KCC,166.35999999999999,150.14,194.33999999999997,28,5,WR,9,65,29.78,11.48,WR15,34.4,3.07,33,28
Javonte Williams,26,DAL,199.72,182.28,220.32,36,6,RB,20,55,37.16,7.45,RB16,33.3,3.03,34,33
Breece Hall,25,NYJ,192.21,172.4,216.15,40,7,RB,28,57,41.64,4.9,RB17,33.9,3.05,35,30
Zay Flowers,26,BAL,155.29808962264153,139.86,170.75808962264153,33,5,WR,14,59,32.98,9.11,WR14,34,3.06,36,42
Lamar Jackson,29,BAL,317.984,299.86400000000003,343.12,29,5,QB,25,58,30.35,8.33,QB2,39,3.09,37,36
Colston Loveland,22,CHI,135.64000000000001,115.16,163.74,39,6,TE,16,96,39.86,15.25,TE3,41.4,3.12,38,44
Cam Skattebo,24,NYG,190.82,172.56,214.48000000000002,52,9,RB,37,72,53.32,8.04,RB19,42.3,3.14,39,37
Tetairoa McMillan,23,CAR,147.66,139.20000000000002,160.01999999999998,38,6,WR,21,61,37.74,8.03,WR18,42.3,3.13,40,35
Jaylen Waddle,28,DEN,132.94,126.00000000000001,137.8,44,7,WR,21,66,45.15,9.9,WR17,39.6,3.1,41,47
Emeka Egbuka,24,TBB,158.315,135.8,188.06,34,6,WR,11,59,35.95,8.75,WR19,43.7,4.02,42,39
Ladd McConkey,25,LAC,144.38,131.66000000000003,163.89999999999998,41,7,WR,21,65,43.26,9.02,WR20,44,4.03,44,40
Tyler Warren,24,IND,121.60000000000001,104.98000000000002,130.82,63,10,TE,16,86,60.98,13.35,TE4,50.1,4.06,45,50
Drake Maye,24,NEP,301.684,291.56000000000006,318.60400000000004,35,6,QB,25,90,36,13.01,QB3,50.4,4.07,46,51
D'Andre Swift,27,CHI,181.62,173.36,197.38,54,9,RB,32,66,53.93,7.11,RB20,42.4,4.01,47,52
Joe Burrow,30,CIN,301.24600000000004,284.61400000000003,324.334,42,7,QB,27,73,43.59,12.64,QB4,52.7,4.09,48,53
Garrett Wilson,26,NYJ,146.16,135.15,158.78,51,8,WR,24,70,51.5,10.01,WR21,49.6,4.05,49,43
Davante Adams,34,LAR,157.18666666666667,146.08,171.18666666666667,47,8,WR,31,80,48.24,9.29,WR24,56.8,4.13,50,58
David Montgomery,29,HOU,167.43,156.67000000000002,184.64,57,9,RB,36,71,55.59,7.17,RB21,47.6,4.04,51,49
Quinshon Judkins,23,CLE,175.6,158.73999999999998,189.94,53,9,RB,30,71,53.4,8.96,RB22,52.5,4.08,52,46
Jayden Daniels,26,WAS,308.24,293.608,327.76000000000005,50,8,QB,27,103,51.25,17.42,QB5,56.8,4.14,53,65
Terry McLaurin,31,WAS,147.79333333333332,132.04666666666665,168.28666666666663,45,8,WR,26,69,47.22,8.22,WR22,53.1,4.1,54,54
Bucky Irving,24,TBB,176.23000000000002,165.65,192.15,58,9,RB,30,78,55.77,8.59,RB23,55.9,4.12,55,45
Jalen Hurts,28,PHI,306.484,296.372,322.38800000000003,55,9,QB,29,79,54.89,11.54,QB6,59,5.03,56,63
Tucker Kraft,26,GBP,118,103.82000000000001,140.4,61,9,TE,22,94,59.06,13.12,TE5,63.5,5.07,58,67
TreVeyon Henderson,24,NEP,153.98,143.2,161.54,65,10,RB,40,92,62.84,9.45,RB26,61.7,5.05,59,48
Bhayshul Tuten,23,JAC,170.19,155.93,182.04,64,10,RB,42,92,62.58,9.96,RB24,57,5.01,60,59
Sam LaPorta,25,DET,107.84,89.62,120.62,75,11,TE,56,94,77.2,8.19,TE6,63.5,5.08,61,64
Jameson Williams,25,DET,159.3521153846154,148.3,179.64846153846153,46,8,WR,26,81,47.78,11.3,WR27,64,5.09,63,57
Mike Evans,33,SFO,136.82000000000002,126.70000000000002,146.6,59,9,WR,38,80,56.18,9.38,WR29,66.8,5.12,64,60
Jadarian Price,23,SEA,134.94,83.46,169.42,66,10,RB,33,113,65.26,10.73,RB25,61.3,5.04,65,61
Christian Watson,27,GBP,144.48000000000002,130.3,168.60000000000002,48,8,WR,31,88,49.76,10.37,WR28,65.3,5.1,66,68
Rome Odunze,24,CHI,140.93333333333334,134.06,149.65333333333334,56,9,WR,32,80,55.3,10.65,WR26,62.7,5.06,67,62
Caleb Williams,25,CHI,290.832,270.24,312.38,67,10,QB,36,97,65.82,11.7,QB7,65.6,5.11,68,76
Justin Herbert,28,LAC,287.67,270.986,312.006,68,10,QB,36,100,68.36,12.76,QB8,74.4,6.03,69,80
Dak Prescott,33,DAL,290.168,274.648,306.45200000000006,77,11,QB,36,107,78.14,13.26,QB9,77.5,6.06,72,89
Jaylen Warren,28,PIT,145.88,114.72000000000001,161.88,76,11,RB,57,108,77.39,8.58,RB27,72.7,5.14,73,69
Marvin Harrison Jr.,24,ARI,125.30000000000001,111.92,135.26000000000002,69,11,WR,48,98,73.17,10.34,WR31,74.2,6.02,74,73
Carnell Tate,21,TEN,112.11333333333334,99.2,121.95333333333333,74,11,WR,44,183,76.53,16.81,WR33,80.5,6.1,75,66
Chuba Hubbard,27,CAR,142.99,129.10000000000002,157.58,86,12,RB,57,131,89.1,14.69,RB34,94.6,7.04,76,74
Rhamondre Stevenson,28,NEP,150.84,144.45999999999998,160.78,78,11,RB,57,108,78.42,9.96,RB28,73.4,6.01,77,77
Brian Thomas Jr.,24,JAC,126.19500000000001,112.64,137.815,71,11,WR,44,101,75.52,11.19,WR32,80.1,6.09,78,70
Parker Washington,24,JAC,130.85,112.47,150.67999999999998,70,11,WR,51,122,74.7,15.12,WR30,72.6,5.13,79,75
Trevor Lawrence,27,JAC,287.052,271.78000000000003,306.576,72,11,QB,36,104,76.15,13.8,QB10,88,6.13,80,97
Brandon Aubrey,31,DAL,173.45251366795367,165.27881081081082,185.2116,181,23,K,169,197,186.07,2.49,K1,106,8.06,81,131
Tony Pollard,29,TEN,141.03,117.7,155.35999999999999,73,11,RB,56,102,76.23,10.13,RB29,78.9,6.07,82,81
Jaxson Dart,23,NYG,294.606,282.61,313.908,90,13,QB,58,124,95.06,13.22,QB11,100.3,7.1,83,95
DK Metcalf,29,PIT,130.15333333333334,120.72000000000001,135.11333333333334,79,11,WR,51,101,79.52,8.56,WR34,84.6,6.12,84,78
Rico Dowdle,28,PIT,142.74,130.08,156.32,80,12,RB,64,121,83.24,11.91,RB31,83,6.11,85,83
George Kittle,33,SFO,103.43,87.37,122.35,95,13,TE,67,202,97.07,20.59,TE9,89.6,6.14,86,90
Alec Pierce,26,IND,141.15,121.87,161.38,82,12,WR,50,153,85.25,15.54,WR40,101.8,7.14,87,92
Jordyn Tyson,22,NOS,77.81333333333333,52.42666666666666,109.42666666666665,89,13,WR,59,169,93.84,17.14,WR41,103.8,8.03,89,79
Travis Kelce,37,KCC,101.78,91.14,115.32000000000001,108,14,TE,76,144,107.67,11.71,TE10,95.9,7.06,91,98
J.K. Dobbins,28,DEN,139.44,104.69999999999999,159.34,81,12,RB,60,151,85.15,15.63,RB32,90.2,7.01,92,87
Brock Purdy,27,SFO,275.89,262.142,290.99600000000004,93,13,QB,62,128,95.5,10.84,QB12,103.7,8.02,94,117
Blake Corum,26,LAR,125.04,111.74000000000001,140.82,84,12,RB,66,127,88.77,12.24,RB33,93.1,7.03,96,93
Dalton Kincaid,27,BUF,103.14,91.22,119.32000000000001,104,14,TE,76,154,105.52,16.81,TE11,101.6,7.13,97,94
Matthew Stafford,38,LAR,287.206,272.024,308.546,102,14,QB,62,136,104.78,14.37,QB14,110.2,8.09,98,109
Bo Nix,26,DEN,287.51,267.62600000000003,311.85,99,13,QB,68,128,99.63,10.12,QB13,105.7,8.04,99,118
Jonathon Brooks,23,CAR,126.10000000000001,112.025,146.405,91,13,RB,63,230,95.35,25.33,RB30,79.9,6.08,101,91
Kyle Monangai,24,CHI,131.70000000000002,118.72,142.79,94,13,RB,66,148,95.85,12.35,RB38,109.8,8.08,102,86
RJ Harvey,25,DEN,125.4,102.22,143.51999999999998,105,14,RB,72,140,106.15,16.96,RB36,101,7.12,103,82
Courtland Sutton,31,DEN,133.74,126.58000000000001,142.9,83,12,WR,51,114,85.65,11.12,WR39,100.9,7.11,104,84
Michael Wilson,26,ARI,119.17666666666668,103.82333333333335,139.07333333333332,101,14,WR,69,150,102.05,17.58,WR38,100.1,7.09,105,88
Dallas Goedert,31,PHI,120.72,106.38,140.38000000000002,111,15,TE,86,157,112.98,15.89,TE13,113,9.02,106,119
Quentin Johnston,25,LAC,115.075,92.65,136.68,88,12,WR,70,153,91.06,13.69,WR42,110.3,8.1,108,102
Isaiah Likely,26,NYG,98.09,85.81000000000002,119.72,113,15,TE,84,235,113.98,27.52,TE12,111.3,8.12,109,114
Makai Lemon,22,PHI,95.89333333333333,88.61999999999999,106.15333333333334,103,14,WR,65,162,105.33,15.82,WR46,121.4,9.07,110,85
Josh Downs,25,IND,101.9175,88.48,113.37550000000002,116,15,WR,75,149,116.73,17.45,WR36,95,7.05,111,110
Kyler Murray,29,MIN,249.862,203.30599999999998,297.84200000000004,112,15,QB,90,136,113.39,11.17,QB16,123.9,9.09,112,152
Stefon Diggs,33,WAS,93.64333333333333,74.94333333333333,105.43400000000001,132,16,WR,75,246,122.11,37.12,WR37,99.1,7.08,113,116
Mark Andrews,31,BAL,117.26737451737452,106.65579150579151,130.40895752895753,114,15,TE,76,195,114.63,21.87,TE14,116.4,9.04,114,120
Jacory Croskey-Merritt,25,WAS,124.62,104.9,138.9,96,13,RB,72,145,98.19,13.48,RB35,97,7.07,115,99
Jared Goff,32,DET,276.678,258.24800000000005,300.978,106,14,QB,62,128,106.83,11.67,QB17,124.6,9.1,116,128
Jake Ferguson,27,DAL,91.69,80.03,106.06,127,17,TE,96,184,129.75,16.07,TE15,125.8,9.12,118,106
Aaron Rodgers,43,PIT,218.47,192.662,261.014,NA,NA,NA,NA,NA,NA,NA,QB27,159.5,17.05,119,250
Jordan Mason,27,MIN,120.23,106.96000000000001,136.47,100,13,RB,66,141,100.74,14.78,RB37,101.9,8.01,121,104
Jordan Addison,24,MIN,116.84072398190045,99.60000000000001,141.6428959276018,97,13,WR,69,139,98.25,13.86,WR43,111.8,8.13,122,101
Ka'imi Fairbairn,32,HOU,169.45563830232948,157.6006623931624,180.93625,199,24,K,186,224,191.96,4.62,K2,127.7,9.14,123,141
Jayden Reed,26,GBP,108.49,80.94,128.48,107,14,WR,80,142,107.13,13.44,WR45,115.5,9.03,125,103
Cooper Kupp,33,SEA,69.05333333333333,59.17466666666667,87.536,NA,NA,NA,NA,NA,NA,NA,WR63,156.2,14.05,126,210
Fernando Mendoza,23,LVR,153.37800000000001,127.48,174.09,NA,NA,NA,NA,NA,NA,NA,QB25,157.5,15.03,127,189
Rachaad White,27,WAS,110.42,87.3,126.24000000000001,109,15,RB,72,143,111.11,14.35,RB40,120.8,9.06,128,115
Bryce Young,25,CAR,237.826,219.41,273.296,169,23,QB,146,284,185.01,28.68,QB29,160,18.01,131,222
Cameron Dicker,26,LAC,155.2384281484371,137.79339516483515,168.99272682975578,196,24,K,191,332,195.3,15.89,K4,134.5,10.06,132,135
Sam Darnold,29,SEA,243.616,227.23600000000002,267.932,140,18,QB,124,213,146.08,14.94,QB22,152,13.02,133,170
Jordan Love,28,GBP,258.00600000000003,246.69,282.038,122,16,QB,90,152,121.35,10.83,QB18,141.6,11.01,135,158
Jason Myers,35,SEA,165.02918862320476,147.69312489660877,187.85199999999998,NA,NA,NA,NA,NA,NA,NA,K3,134.3,10.05,136,137
Pat Freiermuth,28,PIT,85.99,79.48,97.37,NA,NA,NA,NA,NA,NA,NA,TE30,160.4,18.08,137,247
David Njoku,30,LAC,76.48,57.06,104.08,NA,NA,NA,NA,NA,NA,NA,TE31,160.8,18.13,138,225
Malik Willis,27,MIA,251.846,229.29,274.82399999999996,134,17,QB,97,310,135.68,30.15,QB20,146.9,11.13,139,192
Cam Ward,24,TEN,217.76,200.24400000000003,250.95199999999997,153,20,QB,112,255,160.57,27.47,QB26,159,17.01,140,212
C.J. Stroud,25,HOU,241.668,220.632,273.708,141,18,QB,107,241,146.77,19.5,QB23,154.2,13.09,141,195
Alvin Kamara,31,NOS,79.24000000000001,57.96000000000001,88.78,143,19,RB,117,196,150.35,13.98,RB49,149.1,12.03,142,149
Isaac TeSlaa,24,DET,68.42,50.74,94.16,NA,NA,NA,NA,NA,NA,NA,WR68,157.6,15.05,143,214
De'Zhaun Stribling,24,SFO,79.80666666666667,25.05333333333333,109.49333333333334,155,20,WR,98,285,164.72,43.38,WR47,125.2,9.11,144,142
James Conner,31,ARI,60.30621167824315,32.800000000000004,83.6,NA,NA,NA,NA,NA,NA,NA,RB62,158.3,16.05,145,203
Isiah Pacheco,27,DET,84.9,67.94,107.48,138,18,RB,92,176,144.33,14.37,RB50,149.6,12.05,146,171
AJ Barner,24,SEA,89,70.88000000000001,114.25999999999999,180,24,TE,130,260,194.68,23.42,TE21,155.6,14.01,147,173
Terrance Ferguson,23,LAR,74.74,33.559999999999995,100,188,24,TE,123,391,196.15,42.03,TE29,160.3,18.07,148,216
Travis Hunter,23,JAC,63.9,54.57000000000001,70.5,174,22,WR,106,254,179.92,28.88,WR59,151.2,12.12,151,175
Baker Mayfield,31,TBB,265.868,243.824,286.82,121,15,QB,90,136,119.56,10.46,QB19,144.6,11.09,152,151
Hunter Henry,32,NEP,101.74000000000001,92.48,120.62,148,19,TE,110,202,153.33,20.1,TE16,142.6,11.03,155,145
Jaydon Blue,22,DAL,37.2,31.990000000000002,43.6,NA,NA,NA,NA,NA,NA,NA,RB58,156.1,14.04,156,218
Jauan Jennings,29,MIN,77.61,62.769999999999996,97.82,162,20,WR,106,292,165.82,27.13,WR75,158.2,16.03,157,196
Daniel Jones,29,IND,249.536,234.17200000000003,263.88,154,20,QB,112,330,161.03,36.62,QB24,155.8,14.02,159,213
Rashid Shaheed,28,SEA,97.19827586206897,65.69,121.31310344827585,137,17,WR,101,217,140.56,17,WR56,145.8,11.11,161,150
Jakobi Meyers,30,JAC,107.43,96.8,116.62,118,15,WR,74,153,116.88,14.85,WR51,135,10.07,163,111
Mike Washington Jr.,23,LVR,54.93,46.739999999999995,72.28999999999999,186,23,RB,143,295,190.38,32.53,RB57,155.3,13.14,164,193
Xavier Worthy,23,KCC,106.72185270791806,85.39999999999999,120.30185270791804,120,15,WR,83,165,117.51,15.97,WR55,143.3,11.05,165,121
Brenton Strange,26,JAC,94.84,80.97999999999999,115.64000000000001,150,19,TE,111,208,154.63,24.27,TE19,150.5,12.1,166,156
Matthew Golden,23,GBP,101.8,87.87,116.28,128,17,WR,89,200,130.44,21.96,WR48,127.9,10.01,167,123
Zach Charbonnet,25,SEA,105.82000000000001,85.54,132.98,131,17,RB,85,232,133.6,20.85,RB43,137,10.08,168,124
Cam Little,23,JAC,150.27132613693152,144.88362058970515,160.29261109445275,200,24,K,183,251,197.9,7.98,K5,141.8,11.02,169,144
Dalton Schultz,30,HOU,88.74000000000001,75.16000000000001,103.2,195,25,TE,123,245,202.9,29.34,TE24,157.2,14.14,170,202
Juwan Johnson,30,NOS,92.17,78.17,109.03999999999999,147,19,TE,110,225,151.63,21.41,TE17,143.9,11.07,171,190
Jake Elliott,31,PHI,136.34629650106837,130.5888,143.89568269230767,NA,NA,NA,NA,NA,NA,NA,K18,161.2,19.04,172,NA
Jalen McMillan,25,TBB,88.51,80.23,98.26,163,21,WR,116,272,174,25.28,WR61,152.7,13.03,174,194
T.J. Hockenson,29,MIN,86.68,74.96000000000001,111.02,NA,NA,NA,NA,NA,NA,NA,TE23,156.7,14.11,175,185
Tyler Allgeier,26,ARI,81.53999999999999,67.67999999999999,92.5,130,17,RB,102,155,131.4,11.52,RB44,137.4,10.1,177,127
Tyler Shough,27,NOS,270.286,250.55599999999998,291.374,123,16,QB,90,278,125.16,20.67,QB21,148.6,12.01,178,172
Kenyon Sadiq,21,NYJ,82.38000000000001,60.480000000000004,100.44,NA,NA,NA,NA,NA,NA,NA,TE22,156,14.03,179,162
Jalen Nailor,27,LVR,79.00999999999999,60.099999999999994,94.02999999999999,176,23,WR,116,300,187.13,37.56,WR62,154.6,13.11,180,166
Omar Cooper Jr.,23,NYJ,59.56,32.400000000000006,95.42,166,22,WR,139,304,178.39,28.03,WR65,156.4,14.09,181,177
Tank Bigsby,25,PHI,67.12,55.88000000000001,90.64000000000001,142,18,RB,108,218,147.99,19.21,RB51,149.8,12.07,182,165
Jonah Coleman,23,DEN,59.2,46.41,68.84,151,19,RB,119,310,154.93,28.3,RB48,149,12.02,183,143
Trey Smack,23,GBP,133.7140447067019,99.36075,159.10357623394185,NA,NA,NA,NA,NA,NA,NA,K12,157.8,15.08,184,NA
Wan'Dale Robinson,25,TEN,104.085,88.99999999999999,128.72,125,16,WR,75,183,125.26,16.81,WR50,133.7,10.04,185,112
KC Concepcion,22,CLE,84.97,52.059999999999995,101.33000000000001,136,17,WR,98,225,137.22,22.35,WR49,130.8,10.02,188,113
Denzel Boston,23,CLE,75.46,45.32,97.66,158,20,WR,116,308,164.72,29.62,WR60,151.6,13.01,189,157
Khalil Shakir,26,BUF,93.515,78.84,105.92999999999999,139,18,WR,114,173,145.19,14.45,WR57,147.7,11.14,191,130
Romeo Doubs,26,NEP,103.60000000000001,88.36,123.58,129,17,WR,101,194,130.44,16.84,WR54,141.4,10.14,193,122
Greg Dulcich,26,MIA,79.79,66.50999999999999,90.15,NA,NA,NA,NA,NA,NA,NA,TE25,157.6,15.06,195,235
Harrison Butker,31,KCC,147.80104890853826,132.04656148107213,157.24685493230172,NA,NA,NA,NA,NA,NA,NA,K11,157,14.13,196,199
Keaton Mitchell,24,LAC,55.24,43.379999999999995,69.9,144,18,RB,113,240,144.93,25.08,RB46,143.6,11.06,197,163
MarShawn Lloyd,25,GBP,60.8,29.12,82.80000000000001,177,23,RB,126,316,189.82,50.52,RB53,151.3,12.14,198,181
Woody Marks,26,HOU,99.91,90.23,108.96000000000001,133,17,RB,102,161,135.48,12.58,RB47,146.4,11.12,199,148
Tyjae Spears,25,TEN,87.3,68.48,104.34,149,19,RB,121,227,154.06,19.34,RB52,150.1,12.08,201,168
Harrison Mevis,24,LAR,141.76273850574714,124.69131091954023,159.22400689655174,NA,NA,NA,NA,NA,NA,NA,K7,150.9,12.11,202,155
Jalen Coker,25,CAR,88.85666666666667,77.67999999999999,105.38333333333333,135,17,WR,106,169,136.77,14.73,WR52,139.3,10.11,203,146
Wil Lutz,32,DEN,149.1431173015873,140.6833651612903,155.4175973015873,NA,NA,NA,NA,NA,NA,NA,K16,159.1,17.02,208,NA
Tyler Bass,29,BUF,135.0103926230588,111.959,144.89363528646476,NA,NA,NA,NA,NA,NA,NA,K19,161.4,19.08,209,NA
Chris Boswell,35,PIT,135.7781271111111,128.1488,143.58821066666667,NA,NA,NA,NA,NA,NA,NA,K14,158.5,16.09,212,186
Jake Bates,27,DET,149.59733160432967,140.81946025077698,161.9784,NA,NA,NA,NA,NA,NA,NA,K9,154.4,13.1,215,154
Tyler Loop,25,BAL,149.61524689826302,135.1200049884487,165.5437726790451,NA,NA,NA,NA,NA,NA,NA,K6,149.6,12.04,217,188
Chase McLaughlin,30,TBB,146.77638024697333,131.93167238125196,159.25569635266692,NA,NA,NA,NA,NA,NA,NA,K17,159.8,17.12,218,205
Will Reichard,25,MIN,146.86026614832537,140.57795992822966,158.496,NA,NA,NA,NA,NA,NA,NA,K10,156.7,14.12,219,183
Evan McPherson,27,CIN,138.12464118025702,111.41782487407981,154.7269025571484,NA,NA,NA,NA,NA,NA,NA,K13,158.3,16.04,220,180
Eddy Pineiro,31,SFO,137.5091666936277,117.5203379389095,151.56475763631173,NA,NA,NA,NA,NA,NA,NA,K8,153,13.04,221,167
Cairo Santos,35,CHI,141.24538052721087,126.27366071428571,160.8303507653061,NA,NA,NA,NA,NA,NA,NA,K15,159,16.14,223,242
Patrick Mahomes,31,KCC,289.72,272.04,314.624,NA,NA,NA,NA,NA,NA,NA,NA,NA,NA,NA,NA
Jacoby Brissett,34,ARI,219.17,183.63,268.556,NA,NA,NA,NA,NA,NA,NA,QB28,159.5,17.07,NA,252
Geno Smith,36,NYJ,200.612,164.524,226.524,NA,NA,NA,NA,NA,NA,NA,QB30,162.6,20.09,NA,258
Tua Tagovailoa,28,ATL,160.15,107.048,203.37500000000003,NA,NA,NA,NA,NA,NA,NA,NA,NA,NA,NA,NA
Deshaun Watson,31,CLE,152.432,107.10000000000001,192.19199999999998,NA,NA,NA,NA,NA,NA,NA,NA,NA,NA,NA,NA
Michael Penix Jr.,26,ATL,102.198,40.55199999999999,199.36199999999997,NA,NA,NA,NA,NA,NA,NA,NA,NA,NA,NA,NA
Kirk Cousins,38,LVR,81.016,34.120000000000005,168.512,NA,NA,NA,NA,NA,NA,NA,NA,NA,NA,NA,NA
Shedeur Sanders,24,CLE,80.3,43.919999999999995,107.18799999999999,NA,NA,NA,NA,NA,NA,NA,NA,NA,NA,NA,NA
J.J. McCarthy,23,MIN,47.762,9.25,94.304,NA,NA,NA,NA,NA,NA,NA,NA,NA,NA,NA,NA
Spencer Rattler,26,NOS,45.410000000000004,12.767000000000003,78.053,NA,NA,NA,NA,NA,NA,NA,NA,NA,NA,NA,NA
Marcus Mariota,33,WAS,37.7,24.722,50.678,NA,NA,NA,NA,NA,NA,NA,NA,NA,NA,NA,NA
Mason Rudolph,31,PIT,34.72,13.462000000000005,55.978,NA,NA,NA,NA,NA,NA,NA,NA,NA,NA,NA,NA
Tyrod Taylor,37,GBP,24.990000000000002,11.805,38.175000000000004,NA,NA,NA,NA,NA,NA,NA,NA,NA,NA,NA,NA
Davis Mills,28,HOU,24.28,10.446,46.5,NA,NA,NA,NA,NA,NA,NA,NA,NA,NA,NA,NA
Ty Simpson,24,LAR,22.235,8.8715,33.2325,NA,NA,NA,NA,NA,NA,NA,NA,NA,NA,NA,NA
Anthony Richardson,24,IND,21.07,11.431000000000001,30.709,NA,NA,NA,NA,NA,NA,NA,NA,NA,NA,NA,NA
Carson Beck,25,ARI,20.88,11.042000000000002,26.881999999999998,NA,NA,NA,NA,NA,NA,NA,NA,NA,NA,NA,NA
Jameis Winston,32,NYG,19.8,4.8635,50.77349999999998,NA,NA,NA,NA,NA,NA,NA,NA,NA,NA,NA,NA
Mac Jones,28,SFO,18.205,6.003499999999999,42.55849999999998,NA,NA,NA,NA,NA,NA,NA,NA,NA,NA,NA,NA
Joe Flacco,41,CIN,17.563333333333333,5.831,36.99799999999999,NA,NA,NA,NA,NA,NA,NA,NA,NA,NA,NA,NA
Justin Fields,27,KCC,16.885,9.1805,33.2345,NA,NA,NA,NA,NA,NA,NA,NA,NA,NA,NA,NA
Gardner Minshew,30,ARI,16.43,12.227,20.633000000000003,NA,NA,NA,NA,NA,NA,NA,NA,NA,NA,NA,NA
Carson Wentz,34,MIN,15.92,15.92,15.92,NA,NA,NA,NA,NA,NA,NA,NA,NA,NA,NA,NA
Kenny Pickett,28,CAR,15.860000000000001,8.64,27.882,NA,NA,NA,NA,NA,NA,NA,NA,NA,NA,NA,NA
Joe Milton,26,DAL,15.739999999999998,7.886000000000001,25.273999999999994,NA,NA,NA,NA,NA,NA,NA,NA,NA,NA,NA,NA
Quinn Ewers,23,MIA,14.810000000000002,8.523000000000001,21.321,NA,NA,NA,NA,NA,NA,NA,NA,NA,NA,NA,NA
Jake Browning,30,TBB,14.79,10.191,19.389,NA,NA,NA,NA,NA,NA,NA,NA,NA,NA,NA,NA
Tyler Huntley,28,BAL,13.57,12.265000000000002,14.874999999999998,NA,NA,NA,NA,NA,NA,NA,NA,NA,NA,NA,NA
Andy Dalton,39,PHI,12.61,9.271,15.949,NA,NA,NA,NA,NA,NA,NA,NA,NA,NA,NA,NA
Desmond Ridder,27,FA,12.14,12.14,12.14,NA,NA,NA,NA,NA,NA,NA,NA,NA,NA,NA,NA
Trey Lance,26,LAC,11.85,9.159,14.540999999999999,NA,NA,NA,NA,NA,NA,NA,NA,NA,NA,NA,NA
Jarrett Stidham,30,DEN,11.62,11.62,11.62,NA,NA,NA,NA,NA,NA,NA,NA,NA,NA,NA,NA
Will Levis,27,TEN,10.01,8.812999999999999,11.207,NA,NA,NA,NA,NA,NA,NA,NA,NA,NA,NA,NA
Tyson Bagent,26,CHI,9.7,5.654,12.331999999999999,NA,NA,NA,NA,NA,NA,NA,NA,NA,NA,NA,NA
Behren Morton,24,NEP,9.62,9.62,9.62,NA,NA,NA,NA,NA,NA,NA,NA,NA,NA,NA,NA
Cade Klubnik,23,NYJ,9.363333333333333,6.6370000000000005,12.694,NA,NA,NA,NA,NA,NA,NA,NA,NA,NA,NA,NA
Adrian Martinez,26,SFO,9.3,9.3,9.3,NA,NA,NA,NA,NA,NA,NA,NA,NA,NA,NA,NA
Garrett Nussmeier,24,KCC,9.24,9.24,9.24,NA,NA,NA,NA,NA,NA,NA,NA,NA,NA,NA,NA
Cole Payton,24,PHI,9.2,9.2,9.2,NA,NA,NA,NA,NA,NA,NA,NA,NA,NA,NA,NA
Will Howard,25,PIT,8.99,8.855,9.125,NA,NA,NA,NA,NA,NA,NA,NA,NA,NA,NA,NA
Drew Allar,22,PIT,8.84,8.84,8.84,NA,NA,NA,NA,NA,NA,NA,NA,NA,NA,NA,NA
Chris Oladokun,29,KCC,8.72,8.72,8.72,NA,NA,NA,NA,NA,NA,NA,NA,NA,NA,NA,NA
Aidan O'Connell,28,LVR,8.64,8.64,8.64,NA,NA,NA,NA,NA,NA,NA,NA,NA,NA,NA,NA
Riley Leonard,24,IND,8.473333333333333,2.312000000000001,13.957999999999998,NA,NA,NA,NA,NA,NA,NA,NA,NA,NA,NA,NA
Drew Lock,30,SEA,7.8100000000000005,6.325,9.295,NA,NA,NA,NA,NA,NA,NA,NA,NA,NA,NA,NA
Joshua Dobbs,31,DET,6.46,1.3840000000000006,11.536,NA,NA,NA,NA,NA,NA,NA,NA,NA,NA,NA,NA
Tanner McKee,26,PHI,6.4,2.4760000000000004,10.324,NA,NA,NA,NA,NA,NA,NA,NA,NA,NA,NA,NA
Shane Buechele,28,BUF,6.079999999999999,0.7160000000000005,11.443999999999999,NA,NA,NA,NA,NA,NA,NA,NA,NA,NA,NA,NA
Kyle Allen,30,BUF,5.806666666666667,1.2900000000000005,8.76,NA,NA,NA,NA,NA,NA,NA,NA,NA,NA,NA,NA
Nick Mullens,31,JAC,5.7700000000000005,3.3310000000000004,8.209,NA,NA,NA,NA,NA,NA,NA,NA,NA,NA,NA,NA
Dillon Gabriel,26,CLE,5.6,5.6,5.6,NA,NA,NA,NA,NA,NA,NA,NA,NA,NA,NA,NA
Mitchell Trubisky,32,TEN,5.35,1.5070000000000003,9.193,NA,NA,NA,NA,NA,NA,NA,NA,NA,NA,NA,NA
Jalen Milroe,24,SEA,5.1,1.5000000000000004,8.7,NA,NA,NA,NA,NA,NA,NA,NA,NA,NA,NA,NA
Brady Cook,25,NYJ,4.1000000000000005,0.6800000000000004,7.52,NA,NA,NA,NA,NA,NA,NA,NA,NA,NA,NA,NA
Tommy DeVito,28,NEP,3.6,3.6,3.6,NA,NA,NA,NA,NA,NA,NA,NA,NA,NA,NA,NA
Cooper Rush,33,ATL,3.3200000000000003,3.3200000000000003,3.3200000000000003,NA,NA,NA,NA,NA,NA,NA,NA,NA,NA,NA,NA
Max Brosmer,25,MIN,1.4000000000000004,1.4000000000000004,1.4000000000000004,NA,NA,NA,NA,NA,NA,NA,NA,NA,NA,NA,NA
Zach Wilson,27,NOS,0.64,0.64,0.64,NA,NA,NA,NA,NA,NA,NA,NA,NA,NA,NA,NA
James Cook,27,BUF,243.20000000000002,229.3,261.96,NA,NA,NA,NA,NA,NA,NA,NA,NA,NA,NA,NA
Travis Etienne,27,NOS,188.33,182.02,196.81,NA,NA,NA,NA,NA,NA,NA,NA,NA,NA,NA,NA
Aaron Jones,32,MIN,117.61,108.75,124.83999999999999,NA,NA,NA,NA,NA,NA,NA,NA,NA,NA,NA,NA
Kenneth Gainwell,27,TBB,109.94,83.47999999999999,129.42000000000002,NA,NA,NA,NA,NA,NA,NA,NA,NA,NA,NA,NA
Chris Rodriguez,26,JAC,89.88,67.22,112.46000000000001,NA,NA,NA,NA,NA,NA,NA,NA,NA,NA,NA,NA
Tyrone Tracy,27,NYG,78.93,54.07000000000001,105.78,NA,NA,NA,NA,NA,NA,NA,NA,NA,NA,NA,NA
Devin Singletary,29,NYG,76.3,76.3,76.3,NA,NA,NA,NA,NA,NA,NA,NA,NA,NA,NA,NA
Brian Robinson,27,ATL,72.62,58.46000000000001,85.9,NA,NA,NA,NA,NA,NA,NA,NA,NA,NA,NA,NA
Malik Davis,28,DAL,72.55000000000001,62.33500000000001,82.765,NA,NA,NA,NA,NA,NA,NA,NA,NA,NA,NA,NA
Justice Hill,29,BAL,70.36,59.4,82.4,NA,NA,NA,NA,NA,NA,NA,RB68,160.1,18.04,NA,243
Braelon Allen,22,NYJ,67.47,46.59,95.08999999999999,160,21,RB,131,264,170.34,29.36,RB56,155.2,13.13,NA,197
Ty Johnson,29,BUF,66.75,59.68,78.43999999999998,NA,NA,NA,NA,NA,NA,NA,NA,NA,NA,NA,NA
Dylan Sampson,22,CLE,64.58,50.88,82.74000000000001,152,20,RB,121,247,160.49,19.69,RB55,154.6,13.12,NA,178
Samaje Perine,31,CIN,59.87,48.89,74.7,NA,NA,NA,NA,NA,NA,NA,RB67,159.9,17.14,NA,NA
Kimani Vidal,25,LAC,55.150000000000006,29.200000000000003,78.72,172,23,RB,126,282,183.35,29.73,RB65,159.5,17.08,NA,233
Michael Carter,27,TEN,54.3,54.3,54.3,NA,NA,NA,NA,NA,NA,NA,NA,NA,NA,NA,NA
Ray Davis,27,BUF,51.125,30.029999999999998,67.145,175,23,RB,140,262,187.57,30.08,RB59,156.3,14.06,NA,215
Jordan James,22,SFO,50.075,23.060000000000002,89.51499999999999,NA,NA,NA,NA,NA,NA,NA,RB76,162.7,20.1,NA,245
Emari Demercado,27,KCC,47.97500000000001,30.4825,76.0025,NA,NA,NA,NA,NA,NA,NA,NA,NA,NA,NA,NA
Kaelon Black,25,SFO,46.08,18.4,90.88,NA,NA,NA,NA,NA,NA,NA,RB69,160.2,18.05,NA,207
Najee Harris,28,NYG,46.06666666666667,38.14,58.660000000000004,NA,NA,NA,NA,NA,NA,NA,RB71,160.7,18.12,NA,NA
Chris Brooks,26,GBP,44.980000000000004,18.439999999999998,82.47999999999999,NA,NA,NA,NA,NA,NA,NA,NA,NA,NA,NA,NA
Jaylen Wright,23,MIA,44.8,31.655,58.224999999999994,NA,NA,NA,NA,NA,NA,NA,RB64,159.1,17.03,NA,234
Sean Tucker,25,TBB,41.550000000000004,27.775,55.395,178,23,RB,127,294,183.36,37.15,RB73,161.5,19.09,NA,257
Emanuel Wilson,27,SEA,40.36,4.960000000000001,74.06,187,24,RB,134,282,191.11,32.4,RB75,161.8,20.04,NA,266
Brashard Smith,23,KCC,40.22785176964197,28.72671106178518,49.1,NA,NA,NA,NA,NA,NA,NA,NA,NA,NA,NA,NA
Adam Randall,22,BAL,39.575,3.179999999999998,83.77499999999999,NA,NA,NA,NA,NA,NA,NA,NA,NA,NA,NA,NA
AJ Dillon,28,CAR,39.4,6.010000000000003,72.78999999999999,NA,NA,NA,NA,NA,NA,NA,NA,NA,NA,NA,NA
Emmett Johnson,23,KCC,38.480000000000004,23.18,56.13999999999999,179,23,RB,145,308,186.31,34.22,RB60,156.4,14.1,NA,201
Isaac Guerendo,26,SFO,37.396764302567874,25.82,57.30805858154072,NA,NA,NA,NA,NA,NA,NA,NA,NA,NA,NA,NA
Jaleel McLaughlin,26,DEN,35.7,35.7,35.7,NA,NA,NA,NA,NA,NA,NA,NA,NA,NA,NA,NA
Ollie Gordon,22,MIA,33.1,27.130000000000003,45.44,NA,NA,NA,NA,NA,NA,NA,NA,NA,NA,NA,NA
Isaiah Davis,24,NYJ,33.050000000000004,29.5,37.65,NA,NA,NA,NA,NA,NA,NA,NA,NA,NA,NA,NA
Kyle Juszczyk,35,SFO,32.17666666666667,25.793000000000003,37.403000000000006,NA,NA,NA,NA,NA,NA,NA,NA,NA,NA,NA,NA
Devin Neal,23,NOS,30.650000000000002,28.085000000000004,33.215,NA,NA,NA,NA,NA,NA,NA,NA,NA,NA,NA,NA
Kaytron Allen,23,WAS,29.44,9.52,63.45999999999999,198,25,RB,140,320,203.64,36.43,RB72,161.3,19.07,NA,229
Jeremy McNichols,31,WAS,28.900000000000002,28.180000000000003,29.62,NA,NA,NA,NA,NA,NA,NA,NA,NA,NA,NA,NA
George Holani,27,SEA,27.96666666666667,12.610000000000003,40.15,NA,NA,NA,NA,NA,NA,NA,RB61,157.9,15.12,NA,NA
Jawhar Jordan,27,HOU,27.93379120879121,9.500274725274725,63.539999999999985,NA,NA,NA,NA,NA,NA,NA,NA,NA,NA,NA,NA
Austin Ekeler,31,FA,27.1,27.1,27.1,NA,NA,NA,NA,NA,NA,NA,NA,NA,NA,NA,NA
Demond Claiborne,23,MIN,27.09,8.600000000000001,62.029999999999994,NA,NA,NA,NA,NA,NA,NA,RB74,161.5,19.12,NA,226
DJ Giddens,23,IND,26.7,19.950000000000003,37.019999999999996,NA,NA,NA,NA,NA,NA,NA,NA,NA,NA,NA,NA
Ty Chandler,28,NOS,25.6,25.6,25.6,NA,NA,NA,NA,NA,NA,NA,NA,NA,NA,NA,NA
Raheim Sanders,24,CLE,25,22.030000000000005,27.97,NA,NA,NA,NA,NA,NA,NA,NA,NA,NA,NA,NA
LeQuint Allen,22,JAC,24.25,14.085,32.035,NA,NA,NA,NA,NA,NA,NA,NA,NA,NA,NA,NA
Elijah Mitchell,28,FA,24.1,24.1,24.1,NA,NA,NA,NA,NA,NA,NA,NA,NA,NA,NA,NA
Nicholas Singleton,22,TEN,23.425,2.6549999999999994,59.55999999999998,190,24,RB,134,317,197.28,37.55,RB63,158.7,16.11,NA,191
Audric Estime,23,NOS,23,20.84,25.16,NA,NA,NA,NA,NA,NA,NA,NA,NA,NA,NA,NA
Jam Miller,22,NEP,23,23,23,NA,NA,NA,NA,NA,NA,NA,NA,NA,NA,NA,NA
Hunter Luepke,26,DAL,22.200000000000003,22.200000000000003,22.200000000000003,NA,NA,NA,NA,NA,NA,NA,NA,NA,NA,NA,NA
Israel Abanikanda,24,DAL,22,22,22,NA,NA,NA,NA,NA,NA,NA,NA,NA,NA,NA,NA
Deuce Vaughn,25,FA,21.2,21.2,21.2,NA,NA,NA,NA,NA,NA,NA,NA,NA,NA,NA,NA
Carlos Washington,28,MIA,20.9,20.9,20.9,NA,NA,NA,NA,NA,NA,NA,NA,NA,NA,NA,NA
Donovan Edwards,23,MIA,20.9,20.9,20.9,NA,NA,NA,NA,NA,NA,NA,NA,NA,NA,NA,NA
Zavier Scott,27,MIN,20.3,20.3,20.3,NA,NA,NA,NA,NA,NA,NA,NA,NA,NA,NA,NA
Trey Benson,24,ARI,19.950000000000003,10.995000000000001,28.905,NA,NA,NA,NA,NA,NA,NA,NA,NA,NA,NA,NA
Roschon Johnson,25,CHI,18.666666666666668,9.9,29.79,NA,NA,NA,NA,NA,NA,NA,NA,NA,NA,NA,NA
Kendre Miller,24,NOS,18.3,8.209999999999999,27.270000000000003,NA,NA,NA,NA,NA,NA,NA,NA,NA,NA,NA,NA
Seth McGowan,25,IND,18.3,6.244999999999999,30.215,NA,NA,NA,NA,NA,NA,NA,NA,NA,NA,NA,NA
Jaret Patterson,27,LAC,17.6,17.6,17.6,NA,NA,NA,NA,NA,NA,NA,NA,NA,NA,NA,NA
Will Shipley,24,PHI,17.6,12.370000000000001,26.049999999999997,NA,NA,NA,NA,NA,NA,NA,NA,NA,NA,NA,NA
Phil Mafah,24,DAL,17.433333333333334,2.590000000000002,28.869999999999997,NA,NA,NA,NA,NA,NA,NA,NA,NA,NA,NA,NA
Frank Gore Jr.,24,BUF,16.4,2.360000000000001,30.439999999999998,NA,NA,NA,NA,NA,NA,NA,NA,NA,NA,NA,NA
Andrew Beck,30,NYJ,15.750000000000002,15.255000000000003,16.245,NA,NA,NA,NA,NA,NA,NA,NA,NA,NA,NA,NA
Trayveon Williams,29,DET,14.55,2.8950000000000014,26.205,NA,NA,NA,NA,NA,NA,NA,NA,NA,NA,NA,NA
Ameer Abdullah,33,JAC,12.100000000000001,12.100000000000001,12.100000000000001,NA,NA,NA,NA,NA,NA,NA,NA,NA,NA,NA,NA
Dameon Pierce,26,PHI,11.950000000000001,2.8150000000000013,21.085,NA,NA,NA,NA,NA,NA,NA,NA,NA,NA,NA,NA
Raheem Mostert,34,LVR,11.8,11.8,11.8,NA,NA,NA,NA,NA,NA,NA,NA,NA,NA,NA,NA
Tahj Brooks,24,CIN,11.4,6.020000000000001,18.53,NA,NA,NA,NA,NA,NA,NA,NA,NA,NA,NA,NA
Rasheen Ali,25,BAL,11.104878048780488,9.751463414634149,12.451463414634146,NA,NA,NA,NA,NA,NA,NA,NA,NA,NA,NA,NA
Kaleb Johnson,23,PIT,9.383333333333335,5.775,12.21,NA,NA,NA,NA,NA,NA,NA,RB66,159.9,17.13,NA,NA
Michael Burton,34,CLE,8.55,0.9450000000000007,16.154999999999998,NA,NA,NA,NA,NA,NA,NA,NA,NA,NA,NA,NA
Ronnie Rivers,27,LAR,8.1,8.1,8.1,NA,NA,NA,NA,NA,NA,NA,NA,NA,NA,NA,NA
Trevor Etienne,22,CAR,8,5.49,10.440000000000001,NA,NA,NA,NA,NA,NA,NA,NA,NA,NA,NA,NA
Adam Prentice,29,DEN,6.6000000000000005,6.6000000000000005,6.6000000000000005,NA,NA,NA,NA,NA,NA,NA,NA,NA,NA,NA,NA
Lan Larison,25,NEP,6.5,6.5,6.5,NA,NA,NA,NA,NA,NA,NA,NA,NA,NA,NA,NA
British Brooks,27,HOU,5.800000000000001,5.800000000000001,5.800000000000001,NA,NA,NA,NA,NA,NA,NA,NA,NA,NA,NA,NA
Evan Hull,26,ARI,3.7,3.7,3.7,NA,NA,NA,NA,NA,NA,NA,NA,NA,NA,NA,NA
Dylan Laube,27,LVR,2.8,2.8,2.8,NA,NA,NA,NA,NA,NA,NA,NA,NA,NA,NA,NA
Sione Vaki,25,DET,2.7,2.7,2.7,NA,NA,NA,NA,NA,NA,NA,NA,NA,NA,NA,NA
Tyler Goodson,26,ATL,2.5,2.5,2.5,NA,NA,NA,NA,NA,NA,NA,NA,NA,NA,NA,NA
Alec Ingold,30,LAC,1.7000000000000002,1.7000000000000002,1.7000000000000002,NA,NA,NA,NA,NA,NA,NA,NA,NA,NA,NA,NA
Eric Gray,27,NYG,1.7000000000000002,1.7000000000000002,1.7000000000000002,NA,NA,NA,NA,NA,NA,NA,NA,NA,NA,NA,NA
Pierre Strong Jr.,28,GBP,1.4,1.4,1.4,NA,NA,NA,NA,NA,NA,NA,NA,NA,NA,NA,NA
Kene Nwangwu,28,NYJ,1,1,1,NA,NA,NA,NA,NA,NA,NA,NA,NA,NA,NA,NA
Kalel Mullings,24,TEN,1,1,1,NA,NA,NA,NA,NA,NA,NA,NA,NA,NA,NA,NA
Reggie Gilliam,29,NEP,0.7000000000000001,0.7000000000000001,0.7000000000000001,NA,NA,NA,NA,NA,NA,NA,NA,NA,NA,NA,NA
Nathan Carter,24,ATL,0.6000000000000001,0.6000000000000001,0.6000000000000001,NA,NA,NA,NA,NA,NA,NA,NA,NA,NA,NA,NA
Ulysses Bentley,26,IND,0.5,0.5,0.5,NA,NA,NA,NA,NA,NA,NA,NA,NA,NA,NA,NA
Jacob Saylors,25,DET,0.30000000000000004,0.30000000000000004,0.30000000000000004,NA,NA,NA,NA,NA,NA,NA,NA,NA,NA,NA,NA
Patrick Ricard,32,NYG,0.2,0.2,0.2,NA,NA,NA,NA,NA,NA,NA,NA,NA,NA,NA,NA
Josh Williams,25,TBB,0.1,0.1,0.1,NA,NA,NA,NA,NA,NA,NA,NA,NA,NA,NA,NA
D.J. Moore,29,BUF,142.70831935709293,129.85000000000002,165.67327742837176,NA,NA,NA,NA,NA,NA,NA,NA,NA,NA,NA,NA
Luther Burden,23,CHI,134.425,107.61999999999999,161.3,NA,NA,NA,NA,NA,NA,NA,NA,NA,NA,NA,NA
Ricky Pearsall,26,SFO,124,124,124,NA,NA,NA,NA,NA,NA,NA,WR79,158.7,16.1,NA,NA
Chris Godwin,30,TBB,119.01333333333334,102.24666666666668,136.44666666666666,NA,NA,NA,NA,NA,NA,NA,NA,NA,NA,NA,NA
Michael Pittman,29,PIT,105.12,89.39999999999999,116.22,NA,NA,NA,NA,NA,NA,NA,NA,NA,NA,NA,NA
Deebo Samuel,30,SFO,103.93028243673133,87.22,114.94112974692533,NA,NA,NA,NA,NA,NA,NA,NA,NA,NA,NA,NA
Tyreek Hill,32,FA,96,96,96,NA,NA,NA,NA,NA,NA,NA,NA,NA,NA,NA,NA
Jayden Higgins,24,HOU,94.95,74.20500000000001,115.695,124,16,WR,98,179,125.19,15.16,WR58,149.8,12.06,NA,NA
Tre Tucker,25,LVR,94.385,79.34,118.84,170,22,WR,122,297,178.62,27.33,WR76,158.3,16.06,NA,198
Jerry Jeudy,27,CLE,91.54,82.06,101.58,161,21,WR,125,238,173.16,21.23,WR69,157.8,15.09,NA,204
Rashod Bateman,27,BAL,85.15,69.725,103.165,197,25,WR,142,287,205.07,28.88,WR93,161.9,20.05,NA,255
Calvin Ridley,32,TEN,79.63000000000001,54.73000000000001,106.6,191,24,WR,115,292,197.69,30.43,WR82,159.6,17.09,NA,253
Keenan Allen,34,IND,79.375,72.14,94.065,NA,NA,NA,NA,NA,NA,NA,WR64,156.3,14.07,NA,241
Chris Brazzell II,23,CAR,77,77,77,NA,NA,NA,NA,NA,NA,NA,NA,NA,NA,NA,NA
Ryan Flournoy,27,DAL,75.06666666666666,58.73000000000001,98.07666666666667,192,24,WR,147,327,193.02,28.82,WR72,158,15.14,NA,231
Kayshon Boutte,24,NEP,74.53333333333333,50.70666666666667,103.88666666666667,189,24,WR,149,272,192.02,25.63,WR90,161.5,19.11,NA,236
Malik Washington,25,MIA,74.25,64.3425,96.61749999999999,NA,NA,NA,NA,NA,NA,NA,WR67,157.5,15.04,NA,208
Adonai Mitchell,24,NYJ,73.61,57.06,92.47,164,21,WR,138,272,174.86,26.18,WR66,157.4,15.02,NA,227
Tank Dell,27,HOU,73.11,33.14,97.22,NA,NA,NA,NA,NA,NA,NA,WR70,157.8,15.1,NA,187
Tre Harris,24,LAC,71.975,52.730000000000004,109.66499999999998,NA,NA,NA,NA,NA,NA,NA,NA,NA,NA,NA,NA
Jaylin Noel,24,HOU,71.215,48.69,102.94,NA,NA,NA,NA,NA,NA,NA,WR84,160.3,18.06,NA,NA
Chris Bell,22,MIA,70.5,39.620000000000005,94.51999999999998,NA,NA,NA,NA,NA,NA,NA,WR87,160.9,19.02,NA,248
Bub Means,25,NOS,67.5,67.5,67.5,NA,NA,NA,NA,NA,NA,NA,NA,NA,NA,NA,NA
Devaughn Vele,29,NOS,66.1,51.720000000000006,80.85999999999999,NA,NA,NA,NA,NA,NA,NA,NA,NA,NA,NA,NA
Xavier Hutchinson,26,HOU,64.825,42.32,81.275,NA,NA,NA,NA,NA,NA,NA,NA,NA,NA,NA,NA
Darius Slayton,29,NYG,63.92,55.480000000000004,72.24000000000001,NA,NA,NA,NA,NA,NA,NA,NA,NA,NA,NA,NA
Troy Franklin,23,DEN,63.275000000000006,33.92,86.91499999999999,NA,NA,NA,NA,NA,NA,NA,WR91,161.6,19.13,NA,262
Tyquan Thornton,26,KCC,63.13333333333333,53.58,78.8,NA,NA,NA,NA,NA,NA,NA,NA,NA,NA,NA,NA
Ja'Kobi Lane,22,BAL,62.54666666666667,14.059999999999999,101.49333333333333,NA,NA,NA,NA,NA,NA,NA,WR74,158.1,16.02,NA,164
Pat Bryant,24,DEN,59.725,45.0275,87.61749999999999,NA,NA,NA,NA,NA,NA,NA,WR78,158.5,16.08,NA,211
Caleb Douglas,23,MIA,58.949999999999996,26.044999999999995,79.5,NA,NA,NA,NA,NA,NA,NA,WR77,158.5,16.07,NA,237
Germie Bernard,23,PIT,57.805,18.699999999999996,75.36,NA,NA,NA,NA,NA,NA,NA,WR86,160.8,19.01,NA,232
Xavier Legette,25,CAR,57.800000000000004,53.71,60.28,NA,NA,NA,NA,NA,NA,NA,NA,NA,NA,NA,NA
Cedric Tillman,26,CLE,57.28333333333333,29.630000000000006,77.64500000000001,NA,NA,NA,NA,NA,NA,NA,NA,NA,NA,NA,NA
Antonio Williams,22,WAS,56.295,18.4,85.68,NA,NA,NA,NA,NA,NA,NA,WR83,160,18.02,NA,228
Jalen Tolbert,27,MIA,55.31666666666667,50.095,59.815000000000005,NA,NA,NA,NA,NA,NA,NA,NA,NA,NA,NA,NA
Darnell Mooney,29,NYG,54.975,30.160000000000004,94.59499999999998,NA,NA,NA,NA,NA,NA,NA,WR92,161.8,20.01,NA,259
Dontayvion Wicks,25,PHI,54.900000000000006,42.31,68.33000000000001,194,25,WR,138,264,200.57,32.03,WR73,158,16.01,NA,209
Malachi Fields,23,NYG,52.166666666666664,19.75,93.1,NA,NA,NA,NA,NA,NA,NA,WR96,163.7,20.12,NA,244
Andrei Iosivas,27,CIN,50.825,38.175,64.21,NA,NA,NA,NA,NA,NA,NA,NA,NA,NA,NA,NA
Brandon Aiyuk,28,SFO,50.31666666666667,18.53,88.415,NA,NA,NA,NA,NA,NA,NA,NA,NA,NA,NA,NA
Malik Benson,24,LVR,49.900000000000006,30.370000000000005,69.43,NA,NA,NA,NA,NA,NA,NA,NA,NA,NA,NA,NA
Elic Ayomanor,23,TEN,49.75,18.57,88.77,NA,NA,NA,NA,NA,NA,NA,NA,NA,NA,NA,NA
Tory Horton,24,SEA,48.75833333333333,34.405,77.66,NA,NA,NA,NA,NA,NA,NA,WR94,162.2,20.07,NA,263
Marvin Mims,24,DEN,48.400000000000006,44.26,52.540000000000006,NA,NA,NA,NA,NA,NA,NA,NA,NA,NA,NA,NA
Demarcus Robinson,32,SFO,48.300000000000004,33.540000000000006,63.059999999999995,NA,NA,NA,NA,NA,NA,NA,NA,NA,NA,NA,NA
Keon Coleman,23,BUF,47.900000000000006,41.81000000000001,52.52,NA,NA,NA,NA,NA,NA,NA,WR89,161.2,19.06,NA,249
KaVontae Turpin,30,DAL,47.7,43.550000000000004,54.440000000000005,NA,NA,NA,NA,NA,NA,NA,NA,NA,NA,NA,NA
Demario Douglas,26,NEP,47.6,31.57,68.11,NA,NA,NA,NA,NA,NA,NA,NA,NA,NA,NA,NA
Christian Kirk,30,SFO,46.08,23.38,84.38,NA,NA,NA,NA,NA,NA,NA,NA,NA,NA,NA,NA
Chimere Dike,25,TEN,45.5,18.794999999999998,75.14499999999998,NA,NA,NA,NA,NA,NA,NA,NA,NA,NA,NA,NA
Jack Bech,24,LVR,45.25,28.2575,63.817499999999995,NA,NA,NA,NA,NA,NA,NA,NA,NA,NA,NA,NA
Marquise Brown,29,PHI,42.825,21.744999999999997,78.07999999999998,NA,NA,NA,NA,NA,NA,NA,NA,NA,NA,NA,NA
Ted Hurst,22,TBB,40.9,19.470000000000006,62.4,NA,NA,NA,NA,NA,NA,NA,NA,NA,NA,NA,NA
Jahan Dotson,26,ATL,40.76666666666667,30.190000000000005,54.4,NA,NA,NA,NA,NA,NA,NA,NA,NA,NA,NA,NA
Olamide Zaccheaus,29,ATL,39.083333333333336,21.708333333333336,59.305,NA,NA,NA,NA,NA,NA,NA,NA,NA,NA,NA,NA
Zachariah Branch,22,ATL,38.575,7.395,69.58,NA,NA,NA,NA,NA,NA,NA,WR85,160.8,18.14,NA,200
Luke McCaffrey,25,WAS,37.916666666666664,16.275000000000002,58.17,NA,NA,NA,NA,NA,NA,NA,NA,NA,NA,NA,NA
Mack Hollins,33,NEP,36.65,20.375000000000004,55.33999999999999,NA,NA,NA,NA,NA,NA,NA,NA,NA,NA,NA,NA
Ashton Dulin,29,IND,36.400000000000006,15.230000000000002,68.42,NA,NA,NA,NA,NA,NA,NA,NA,NA,NA,NA,NA
Joshua Palmer,27,BUF,36.175,26.415000000000003,55.76999999999999,NA,NA,NA,NA,NA,NA,NA,NA,NA,NA,NA,NA
Kendrick Bourne,31,ARI,35.35,31.095000000000002,41.67,NA,NA,NA,NA,NA,NA,NA,NA,NA,NA,NA,NA
Jahdae Walker,24,CHI,34.766666666666666,13.290000000000001,68.18999999999998,NA,NA,NA,NA,NA,NA,NA,NA,NA,NA,NA,NA
Tyrell Shavers,27,BUF,34.7,34.7,34.7,NA,NA,NA,NA,NA,NA,NA,NA,NA,NA,NA,NA
Calvin Austin III,27,NYG,34.400000000000006,10.864999999999998,63.184999999999995,NA,NA,NA,NA,NA,NA,NA,NA,NA,NA,NA,NA
Kalif Raymond,32,CHI,33.333333333333336,28.17,37.260000000000005,NA,NA,NA,NA,NA,NA,NA,NA,NA,NA,NA,NA
Dyami Brown,27,WAS,31.35,12.595000000000002,48.145,NA,NA,NA,NA,NA,NA,NA,NA,NA,NA,NA,NA
Tutu Atwell,27,MIA,30.8,18.080000000000002,42.47,NA,NA,NA,NA,NA,NA,NA,NA,NA,NA,NA,NA
Devontez Walker,25,BAL,28.933333333333334,24.919999999999998,34.370000000000005,NA,NA,NA,NA,NA,NA,NA,NA,NA,NA,NA,NA
Savion Williams,25,GBP,28.533333333333335,21.68,37.790000000000006,NA,NA,NA,NA,NA,NA,NA,NA,NA,NA,NA,NA
David Moore,31,CAR,27.900000000000002,27.900000000000002,27.900000000000002,NA,NA,NA,NA,NA,NA,NA,NA,NA,NA,NA,NA
Zavion Thomas,22,CHI,27.5,22.28,32.72,NA,NA,NA,NA,NA,NA,NA,NA,NA,NA,NA,NA
Isaiah Bond,22,CLE,27,21.87,32.76,NA,NA,NA,NA,NA,NA,NA,NA,NA,NA,NA,NA
Isaiah Williams,25,NYJ,25.96666666666667,25.450000000000003,26.53,NA,NA,NA,NA,NA,NA,NA,NA,NA,NA,NA,NA
Tez Johnson,24,TBB,24.400000000000002,16.46,35.63,NA,NA,NA,NA,NA,NA,NA,NA,NA,NA,NA,NA
Kyle Williams,24,NEP,23.985,17.9685,30.001500000000004,NA,NA,NA,NA,NA,NA,NA,NA,NA,NA,NA,NA
Cyrus Allen,23,KCC,22.533333333333335,3.9200000000000026,38.300000000000004,NA,NA,NA,NA,NA,NA,NA,WR71,158,15.13,NA,182
Jordan Whittington,26,LAR,21.7,20.040000000000003,24.27,NA,NA,NA,NA,NA,NA,NA,NA,NA,NA,NA,NA
Treylon Burks,26,WAS,19.138333333333335,8.329000000000002,27.3145,NA,NA,NA,NA,NA,NA,NA,NA,NA,NA,NA,NA
Lil'Jordan Humphrey,28,DEN,18.700000000000003,18.700000000000003,18.700000000000003,NA,NA,NA,NA,NA,NA,NA,NA,NA,NA,NA,NA
Roman Wilson,25,PIT,18.3,1.6500000000000017,34.32,NA,NA,NA,NA,NA,NA,NA,NA,NA,NA,NA,NA
Brenen Thompson,23,LAC,17.6,17.150000000000002,18.05,NA,NA,NA,NA,NA,NA,NA,NA,NA,NA,NA,NA
Kevin Coleman,23,MIA,17,17,17,NA,NA,NA,NA,NA,NA,NA,NA,NA,NA,NA,NA
John Metchie,26,CAR,16.8,16.8,16.8,NA,NA,NA,NA,NA,NA,NA,NA,NA,NA,NA,NA
Dont'e Thornton,24,LVR,16.76666666666667,8.8,27.16,NA,NA,NA,NA,NA,NA,NA,NA,NA,NA,NA,NA
Bryce Lance,24,NOS,16.6,9.58,23.62,NA,NA,NA,NA,NA,NA,NA,NA,NA,NA,NA,NA
Justin Watson,30,HOU,16,13.48,18.52,NA,NA,NA,NA,NA,NA,NA,NA,NA,NA,NA,NA
Konata Mumpfield,24,LAR,15.683333333333334,6.105000000000001,23.115000000000002,NA,NA,NA,NA,NA,NA,NA,NA,NA,NA,NA,NA
Xavier Smith,29,LAR,15.05,5.465000000000001,24.635,NA,NA,NA,NA,NA,NA,NA,NA,NA,NA,NA,NA
Greg Dortch,28,DET,14.533333333333333,6.620000000000001,26.599999999999998,NA,NA,NA,NA,NA,NA,NA,NA,NA,NA,NA,NA
Jaylin Lane,24,WAS,14.5,7.840000000000001,21.159999999999997,NA,NA,NA,NA,NA,NA,NA,NA,NA,NA,NA,NA
Xavier Weaver,26,ARI,13.88,13.88,13.88,NA,NA,NA,NA,NA,NA,NA,NA,NA,NA,NA,NA
Ben Skowronek,29,PIT,13.4,13.4,13.4,NA,NA,NA,NA,NA,NA,NA,NA,NA,NA,NA,NA
Gabriel Davis,27,BUF,13.3,13.3,13.3,NA,NA,NA,NA,NA,NA,NA,NA,NA,NA,NA,NA
Darius Cooper,25,PHI,13.100000000000001,13.100000000000001,13.100000000000001,NA,NA,NA,NA,NA,NA,NA,NA,NA,NA,NA,NA
KeAndre Lambert-Smith,25,LAC,12.966666666666667,6.1800000000000015,18.959999999999997,NA,NA,NA,NA,NA,NA,NA,NA,NA,NA,NA,NA
Mitchell Tinsley,27,CIN,12.9,10.65,15.149999999999999,NA,NA,NA,NA,NA,NA,NA,NA,NA,NA,NA,NA
Colbie Young,24,CIN,12.650000000000002,2.705000000000001,22.595,NA,NA,NA,NA,NA,NA,NA,NA,NA,NA,NA,NA
Jimmy Horn,24,CAR,12.5,11.42,13.58,NA,NA,NA,NA,NA,NA,NA,NA,NA,NA,NA,NA
Jalen Royals,23,KCC,12.450000000000001,10.785,14.115000000000002,NA,NA,NA,NA,NA,NA,NA,NA,NA,NA,NA,NA
Skyler Bell,24,BUF,11.91,4.98,18.84,NA,NA,NA,NA,NA,NA,NA,NA,NA,NA,NA,NA
Bryce Oliver,26,TEN,11.700000000000001,11.700000000000001,11.700000000000001,NA,NA,NA,NA,NA,NA,NA,NA,NA,NA,NA,NA
Elijah Sarratt,23,BAL,11.65,1.795000000000001,21.505,NA,NA,NA,NA,NA,NA,NA,WR80,158.8,16.12,NA,251
Jake Bobo,28,SEA,10.900000000000002,10.900000000000002,10.900000000000002,NA,NA,NA,NA,NA,NA,NA,NA,NA,NA,NA,NA
Odell Beckham,34,NYG,10.850000000000001,5.045000000000001,16.654999999999998,NA,NA,NA,NA,NA,NA,NA,NA,NA,NA,NA,NA
Tim Patrick,33,NYJ,9.8,9.8,9.8,NA,NA,NA,NA,NA,NA,NA,NA,NA,NA,NA,NA
Nikko Remigio,27,KCC,9.7,9.7,9.7,NA,NA,NA,NA,NA,NA,NA,NA,NA,NA,NA,NA
Nick Westbrook-Ikhine,29,IND,9.55,5.635,13.465,NA,NA,NA,NA,NA,NA,NA,NA,NA,NA,NA,NA
Derius Davis,26,LAC,8.48,5.258000000000001,11.702,NA,NA,NA,NA,NA,NA,NA,NA,NA,NA,NA,NA
Bo Melton,27,GBP,8.3,5.150000000000001,11.450000000000001,NA,NA,NA,NA,NA,NA,NA,NA,NA,NA,NA,NA
Mason Tipton,26,NOS,7.950000000000001,6.735000000000001,9.165000000000001,NA,NA,NA,NA,NA,NA,NA,NA,NA,NA,NA,NA
Kameron Johnson,24,TBB,7.9,7.9,7.9,NA,NA,NA,NA,NA,NA,NA,NA,NA,NA,NA,NA
Tai Felton,23,MIN,7.200000000000001,5.760000000000001,8.64,NA,NA,NA,NA,NA,NA,NA,NA,NA,NA,NA,NA
Isaiah Hodgins,28,NYG,7.1000000000000005,7.1000000000000005,7.1000000000000005,NA,NA,NA,NA,NA,NA,NA,NA,NA,NA,NA,NA
Elijah Moore,26,PHI,6.500000000000001,6.500000000000001,6.500000000000001,NA,NA,NA,NA,NA,NA,NA,NA,NA,NA,NA,NA
Marquez Valdes-Scantling,32,DAL,5.7,5.7,5.7,NA,NA,NA,NA,NA,NA,NA,NA,NA,NA,NA,NA
Jonathan Mingo,25,DAL,4.2,4.2,4.2,NA,NA,NA,NA,NA,NA,NA,NA,NA,NA,NA,NA
Arian Smith,25,NYJ,3.9000000000000004,3.9000000000000004,3.9000000000000004,NA,NA,NA,NA,NA,NA,NA,NA,NA,NA,NA,NA
Josh Cameron,23,JAC,3.8000000000000003,3.8000000000000003,3.8000000000000003,NA,NA,NA,NA,NA,NA,NA,NA,NA,NA,NA,NA
Scotty Miller,29,CHI,3.6,3.6,3.6,NA,NA,NA,NA,NA,NA,NA,NA,NA,NA,NA,NA
Jalin Hyatt,25,NYG,3.5,3.5,3.5,NA,NA,NA,NA,NA,NA,NA,NA,NA,NA,NA,NA
Barion Brown,23,NOS,3.0300000000000002,1.0050000000000003,5.055,NA,NA,NA,NA,NA,NA,NA,NA,NA,NA,NA,NA
Jordan Watkins,24,SFO,2.9000000000000004,2.9000000000000004,2.9000000000000004,NA,NA,NA,NA,NA,NA,NA,NA,NA,NA,NA,NA
Dylan Drummond,26,ATL,2.5,2.5,2.5,NA,NA,NA,NA,NA,NA,NA,NA,NA,NA,NA,NA
Mecole Hardman,28,BUF,1.3000000000000003,1.3000000000000003,1.3000000000000003,NA,NA,NA,NA,NA,NA,NA,NA,NA,NA,NA,NA
Tylan Wallace,27,CLE,0.8,0.8,0.8,NA,NA,NA,NA,NA,NA,NA,NA,NA,NA,NA,NA
Velus Jones,29,SEA,0.7000000000000001,0.7000000000000001,0.7000000000000001,NA,NA,NA,NA,NA,NA,NA,NA,NA,NA,NA,NA
Skyy Moore,26,GBP,0.7,0.7,0.7,NA,NA,NA,NA,NA,NA,NA,NA,NA,NA,NA,NA
Tom Kennedy,30,DET,0.6000000000000001,0.6000000000000001,0.6000000000000001,NA,NA,NA,NA,NA,NA,NA,NA,NA,NA,NA,NA
Kaden Wetjen,24,PIT,0.2,0.2,0.2,NA,NA,NA,NA,NA,NA,NA,NA,NA,NA,NA,NA
Britain Covey,29,PHI,0.1,0.1,0.1,NA,NA,NA,NA,NA,NA,NA,NA,NA,NA,NA,NA
Myles Price,25,MIN,0.1,0.1,0.1,NA,NA,NA,NA,NA,NA,NA,NA,NA,NA,NA,NA
Devin Duvernay,29,ARI,0.05,0.0050000000000000044,0.095,NA,NA,NA,NA,NA,NA,NA,NA,NA,NA,NA,NA
Harold Fannin,22,CLE,116.669,99.68,134.495,NA,NA,NA,NA,NA,NA,NA,NA,NA,NA,NA,NA
Kyle Pitts,26,ATL,109.76,95.16,129.84,NA,NA,NA,NA,NA,NA,NA,NA,NA,NA,NA,NA
Cade Otton,27,TBB,77.2,58.54,95.75999999999999,NA,NA,NA,NA,NA,NA,NA,TE32,161.2,19.05,NA,224
Chigoziem Okonkwo,27,WAS,75.65,68.285,83.295,NA,NA,NA,NA,NA,NA,NA,NA,NA,NA,NA,NA
Oronde Gadsden,23,LAC,74.23,49.29,97.8,NA,NA,NA,NA,NA,NA,NA,NA,NA,NA,NA,NA
Colby Parkinson,27,LAR,73.34,46.28,101.82,NA,NA,NA,NA,NA,NA,NA,TE34,161.8,20.02,NA,264
Gunnar Helm,24,TEN,71.14,57.440000000000005,95.27999999999999,NA,NA,NA,NA,NA,NA,NA,TE27,159.8,17.11,NA,220
Jonnu Smith,31,FA,67,67,67,NA,NA,NA,NA,NA,NA,NA,NA,NA,NA,NA,NA
Mike Gesicki,31,CIN,66.51,56.99,71.68,NA,NA,NA,NA,NA,NA,NA,NA,NA,NA,NA,NA
Darren Waller,34,CAR,63.2,39.599999999999994,80.80000000000001,NA,NA,NA,NA,NA,NA,NA,TE28,160.1,18.03,NA,NA
Evan Engram,32,DEN,62.120000000000005,54.84,66.80000000000001,NA,NA,NA,NA,NA,NA,NA,NA,NA,NA,NA,NA
Dawson Knox,30,BUF,60.34,45.78,83.03999999999999,NA,NA,NA,NA,NA,NA,NA,NA,NA,NA,NA,NA
Theo Johnson,25,NYG,55.88,39.160000000000004,70.04,NA,NA,NA,NA,NA,NA,NA,NA,NA,NA,NA,NA
Mason Taylor,22,NYJ,55.5,35.400000000000006,69.88,NA,NA,NA,NA,NA,NA,NA,NA,NA,NA,NA,NA
Michael Mayer,25,LVR,48.8,36.160000000000004,60,NA,NA,NA,NA,NA,NA,NA,NA,NA,NA,NA,NA
Jake Tonges,27,SFO,47.675000000000004,17.549999999999997,79.515,NA,NA,NA,NA,NA,NA,NA,TE26,159.7,17.1,NA,256
Marlin Klein,24,HOU,45.7,45.7,45.7,NA,NA,NA,NA,NA,NA,NA,NA,NA,NA,NA,NA
Cole Kmet,27,CHI,44.84,34.2,54.52,NA,NA,NA,NA,NA,NA,NA,NA,NA,NA,NA,NA
Tyler Higbee,33,LAR,44.75,23.529999999999998,70.02999999999999,NA,NA,NA,NA,NA,NA,NA,NA,NA,NA,NA,NA
Daniel Bellinger,26,TEN,42.25,34.19499999999999,50.305,NA,NA,NA,NA,NA,NA,NA,NA,NA,NA,NA,NA
Brock Wright,28,DET,41.300000000000004,29.690000000000005,52.910000000000004,NA,NA,NA,NA,NA,NA,NA,NA,NA,NA,NA,NA
Darnell Washington,25,PIT,39.35,30.4175,46.74250000000001,NA,NA,NA,NA,NA,NA,NA,NA,NA,NA,NA,NA
Davis Allen,25,LAR,35.900000000000006,30.32,41.48,NA,NA,NA,NA,NA,NA,NA,NA,NA,NA,NA,NA
Tommy Tremble,26,CAR,35.4,24.27,54.3,NA,NA,NA,NA,NA,NA,NA,NA,NA,NA,NA,NA
Josh Oliver,29,MIN,35,22.555,47.02499999999999,NA,NA,NA,NA,NA,NA,NA,NA,NA,NA,NA,NA
Eli Stowers,23,PHI,34.725,9.379999999999999,67.10499999999999,NA,NA,NA,NA,NA,NA,NA,TE33,161.5,19.1,NA,230
Adam Trautman,29,DEN,33.81,28.05,39.57,NA,NA,NA,NA,NA,NA,NA,NA,NA,NA,NA,NA
Noah Fant,29,NOS,32.5,19.23,47.449999999999996,NA,NA,NA,NA,NA,NA,NA,NA,NA,NA,NA,NA
Austin Hooper,32,ATL,32.425000000000004,24.845000000000002,39.83,NA,NA,NA,NA,NA,NA,NA,NA,NA,NA,NA,NA
Noah Gray,27,KCC,32.18,21.525,40.875,NA,NA,NA,NA,NA,NA,NA,NA,NA,NA,NA,NA
Ja'Tavion Sanders,23,CAR,31.525000000000002,22.82,48.87499999999999,NA,NA,NA,NA,NA,NA,NA,NA,NA,NA,NA,NA
Erick All,26,CIN,30.400000000000002,15.360000000000003,41.730000000000004,NA,NA,NA,NA,NA,NA,NA,NA,NA,NA,NA,NA
Elijah Arroyo,23,SEA,30.36,17.66,44.38,NA,NA,NA,NA,NA,NA,NA,NA,NA,NA,NA,NA
Charlie Kolar,27,LAC,29.3,13.505,52.654999999999994,NA,NA,NA,NA,NA,NA,NA,NA,NA,NA,NA,NA
Luke Musgrave,26,GBP,28.733333333333334,16.610000000000003,37.940000000000005,NA,NA,NA,NA,NA,NA,NA,NA,NA,NA,NA,NA
Riley Nowakowski,24,PIT,28.299999999999997,28.299999999999997,28.299999999999997,NA,NA,NA,NA,NA,NA,NA,NA,NA,NA,NA,NA
Will Kacmarek,23,MIA,27.46666666666667,14.16,45.3,NA,NA,NA,NA,NA,NA,NA,NA,NA,NA,NA,NA
Blake Whiteheart,26,CLE,26.7,26.7,26.7,NA,NA,NA,NA,NA,NA,NA,NA,NA,NA,NA,NA
Eli Raridon,22,NEP,26.633333333333333,20.42,32.03,NA,NA,NA,NA,NA,NA,NA,NA,NA,NA,NA,NA
Mitchell Evans,23,CAR,26.55,26.325,26.775000000000002,NA,NA,NA,NA,NA,NA,NA,NA,NA,NA,NA,NA
Nate Boerkircher,25,JAC,26.15,19.985000000000003,32.315,NA,NA,NA,NA,NA,NA,NA,NA,NA,NA,NA,NA
Jackson Hawes,26,BUF,25.15,24.115,26.184999999999995,NA,NA,NA,NA,NA,NA,NA,NA,NA,NA,NA,NA
Jeremy Ruckert,26,NYJ,25.05,19.155,30.945,NA,NA,NA,NA,NA,NA,NA,NA,NA,NA,NA,NA
Ben Sinnott,24,WAS,23.8,23.439999999999998,24.160000000000004,NA,NA,NA,NA,NA,NA,NA,NA,NA,NA,NA,NA
Ben Sims,26,MIA,23.300000000000004,6.110000000000002,40.49,NA,NA,NA,NA,NA,NA,NA,NA,NA,NA,NA,NA
Grant Calcaterra,28,PHI,23.05,12.295000000000003,33.805,NA,NA,NA,NA,NA,NA,NA,NA,NA,NA,NA,NA
Connor Heyward,27,LVR,22.3,22.3,22.3,NA,NA,NA,NA,NA,NA,NA,NA,NA,NA,NA,NA
Drew Sample,30,CIN,21.6,20.25,22.95,NA,NA,NA,NA,NA,NA,NA,NA,NA,NA,NA,NA
Nick Vannett,33,SEA,21.5,21.5,21.5,NA,NA,NA,NA,NA,NA,NA,NA,NA,NA,NA,NA
Hunter Long,28,JAC,21,21,21,NA,NA,NA,NA,NA,NA,NA,NA,NA,NA,NA,NA
Elijah Higgins,26,ARI,20.95,17.645000000000003,23.765,NA,NA,NA,NA,NA,NA,NA,NA,NA,NA,NA,NA
Mo Alie-Cox,33,IND,20.8,20.8,20.8,NA,NA,NA,NA,NA,NA,NA,NA,NA,NA,NA,NA
Drew Ogletree,28,IND,20.200000000000003,20.200000000000003,20.200000000000003,NA,NA,NA,NA,NA,NA,NA,NA,NA,NA,NA,NA
Nate Adkins,27,DEN,20.15,12.365,27.935,NA,NA,NA,NA,NA,NA,NA,NA,NA,NA,NA,NA
Luke Farrell,29,SFO,20.000000000000004,20.000000000000004,20.000000000000004,NA,NA,NA,NA,NA,NA,NA,NA,NA,NA,NA,NA
Payne Durham,26,TBB,19.95,15.585,24.314999999999998,NA,NA,NA,NA,NA,NA,NA,NA,NA,NA,NA,NA
John Bates,29,WAS,19.683333333333334,12.805000000000001,28.195000000000004,NA,NA,NA,NA,NA,NA,NA,NA,NA,NA,NA,NA
Foster Moreau,29,HOU,19.450000000000003,14.095,24.805000000000003,NA,NA,NA,NA,NA,NA,NA,NA,NA,NA,NA,NA
Luke Schoonmaker,28,DAL,19.1,18.919999999999998,19.28,NA,NA,NA,NA,NA,NA,NA,NA,NA,NA,NA,NA
Zack Kuntz,27,DAL,18.8,18.8,18.8,NA,NA,NA,NA,NA,NA,NA,NA,NA,NA,NA,NA
Brevyn Spann-Ford,27,DAL,18.8,16.820000000000004,20.78,NA,NA,NA,NA,NA,NA,NA,NA,NA,NA,NA,NA
Tanner Hudson,32,CIN,18.35,17.134999999999998,19.565,NA,NA,NA,NA,NA,NA,NA,NA,NA,NA,NA,NA
Jack Endries,22,CIN,18.3,18.3,18.3,NA,NA,NA,NA,NA,NA,NA,NA,NA,NA,NA,NA
Cade Stover,26,HOU,17.9,13.73,20.389999999999997,NA,NA,NA,NA,NA,NA,NA,NA,NA,NA,NA,NA
Tyler Conklin,31,DET,17.3,17.3,17.3,NA,NA,NA,NA,NA,NA,NA,NA,NA,NA,NA,NA
Bauer Sharp,23,TBB,17.3,17.3,17.3,NA,NA,NA,NA,NA,NA,NA,NA,NA,NA,NA,NA
Charlie Woerner,29,ATL,17.200000000000003,7.300000000000001,27.1,NA,NA,NA,NA,NA,NA,NA,NA,NA,NA,NA,NA
Josh Whyle,27,GBP,16.6,14.8,18.400000000000002,NA,NA,NA,NA,NA,NA,NA,NA,NA,NA,NA,NA
Dallen Bentley,26,DEN,16.5,16.5,16.5,NA,NA,NA,NA,NA,NA,NA,NA,NA,NA,NA,NA
Anthony Firkser,31,FA,16.3,16.3,16.3,NA,NA,NA,NA,NA,NA,NA,NA,NA,NA,NA,NA
Cam Grandy,27,CIN,16,16,16,NA,NA,NA,NA,NA,NA,NA,NA,NA,NA,NA,NA
Jaheim Bell,25,PIT,15.8,15.8,15.8,NA,NA,NA,NA,NA,NA,NA,NA,NA,NA,NA,NA
Jack Stoll,28,CLE,15.600000000000001,15.600000000000001,15.600000000000001,NA,NA,NA,NA,NA,NA,NA,NA,NA,NA,NA,NA
Durham Smythe,31,BAL,15.200000000000001,15.200000000000001,15.200000000000001,NA,NA,NA,NA,NA,NA,NA,NA,NA,NA,NA,NA
Lucas Krull,28,DEN,14.9,14.9,14.9,NA,NA,NA,NA,NA,NA,NA,NA,NA,NA,NA,NA
Cole Turner,26,MIA,14.8,14.8,14.8,NA,NA,NA,NA,NA,NA,NA,NA,NA,NA,NA,NA
Seydou Traore,24,MIA,14.8,14.8,14.8,NA,NA,NA,NA,NA,NA,NA,NA,NA,NA,NA,NA
Ian Thomas,30,LVR,13.850000000000001,12.995,14.705000000000002,NA,NA,NA,NA,NA,NA,NA,NA,NA,NA,NA,NA
Devin Culp,26,TBB,13.350000000000001,3.945000000000001,22.755,NA,NA,NA,NA,NA,NA,NA,NA,NA,NA,NA,NA
John FitzPatrick,26,GBP,12.100000000000001,9.850000000000001,14.35,NA,NA,NA,NA,NA,NA,NA,NA,NA,NA,NA,NA
Matthew Hibner,24,BAL,11.9,11.9,11.9,NA,NA,NA,NA,NA,NA,NA,NA,NA,NA,NA,NA
Tip Reiman,25,ARI,11.100000000000001,11.100000000000001,11.100000000000001,NA,NA,NA,NA,NA,NA,NA,NA,NA,NA,NA,NA
Chris Manhertz,34,NYG,10.9,7.66,14.139999999999999,NA,NA,NA,NA,NA,NA,NA,NA,NA,NA,NA,NA
Will Mallory,27,IND,10.05,2.4450000000000007,17.655,NA,NA,NA,NA,NA,NA,NA,NA,NA,NA,NA,NA
Justin Joly,22,DEN,9.2,2.630000000000001,15.77,NA,NA,NA,NA,NA,NA,NA,NA,NA,NA,NA,NA
Joe Royer,24,CLE,9,3.060000000000001,14.940000000000001,NA,NA,NA,NA,NA,NA,NA,NA,NA,NA,NA,NA
Max Klare,23,LAR,8.833333333333334,3.8200000000000003,17.230000000000004,NA,NA,NA,NA,NA,NA,NA,NA,NA,NA,NA,NA
Jared Wiley,26,KCC,7.950000000000001,1.0650000000000008,14.835,NA,NA,NA,NA,NA,NA,NA,NA,NA,NA,NA,NA
Kylen Granson,28,TEN,6.7,6.7,6.7,NA,NA,NA,NA,NA,NA,NA,NA,NA,NA,NA,NA
David Martin-Robinson,27,TEN,4.9,4.9,4.9,NA,NA,NA,NA,NA,NA,NA,NA,NA,NA,NA,NA
Eric Saubert,32,SEA,4,4,4,NA,NA,NA,NA,NA,NA,NA,NA,NA,NA,NA,NA
Ben Yurosek,24,MIN,3.9000000000000004,3.9000000000000004,3.9000000000000004,NA,NA,NA,NA,NA,NA,NA,NA,NA,NA,NA,NA
Tanner Koziol,23,JAC,3.4000000000000004,3.4000000000000004,3.4000000000000004,NA,NA,NA,NA,NA,NA,NA,NA,NA,NA,NA,NA
Johnny Mundt,32,PHI,3.1,3.1,3.1,NA,NA,NA,NA,NA,NA,NA,NA,NA,NA,NA,NA
Sam Roush,23,CHI,2.9000000000000004,2.9000000000000004,2.9000000000000004,NA,NA,NA,NA,NA,NA,NA,NA,NA,NA,NA,NA
Moliki Matavao,23,NOS,2.7,2.7,2.7,NA,NA,NA,NA,NA,NA,NA,NA,NA,NA,NA,NA
Robert Tonyan,32,PIT,2.4000000000000004,2.4000000000000004,2.4000000000000004,NA,NA,NA,NA,NA,NA,NA,NA,NA,NA,NA,NA
Oscar Delp,23,NOS,2.3000000000000003,2.3000000000000003,2.3000000000000003,NA,NA,NA,NA,NA,NA,NA,NA,NA,NA,NA,NA
Feleipe Franks,29,CAR,2.2,2.2,2.2,NA,NA,NA,NA,NA,NA,NA,NA,NA,NA,NA,NA
Carsen Ryan,23,CLE,2.2,2.2,2.2,NA,NA,NA,NA,NA,NA,NA,NA,NA,NA,NA,NA
Tyree Jackson,29,WAS,1,1,1,NA,NA,NA,NA,NA,NA,NA,NA,NA,NA,NA,NA
Colson Yankoff,26,WAS,0.6000000000000001,0.6000000000000001,0.6000000000000001,NA,NA,NA,NA,NA,NA,NA,NA,NA,NA,NA,NA
Jack Westover,27,NEP,0.30000000000000004,0.30000000000000004,0.30000000000000004,NA,NA,NA,NA,NA,NA,NA,NA,NA,NA,NA,NA
Jelani Woods,28,NYJ,0.1,0.1,0.1,NA,NA,NA,NA,NA,NA,NA,NA,NA,NA,NA,NA
Blake Grupe,28,IND,146.40123182893848,134.31005821501014,166.53088088235293,NA,NA,NA,NA,NA,NA,NA,NA,NA,NA,NA,NA
Charlie Smyth,25,NOS,139.94881175656985,121.4311449515906,153.67468340248962,NA,NA,NA,NA,NA,NA,NA,NA,NA,NA,NA,NA
Nick Folk,42,ATL,137.35927724137932,114.6777915270936,166.05128142857143,NA,NA,NA,NA,NA,NA,NA,NA,NA,NA,NA,NA
Andres Borregales,24,NEP,136.968247640118,125.96419999999999,147.94792595870206,NA,NA,NA,NA,NA,NA,NA,NA,NA,NA,NA,NA
Chad Ryland,27,ARI,128.2531763236763,121.44003496503497,136.289,NA,NA,NA,NA,NA,NA,NA,NA,NA,NA,NA,NA
Jason Sanders,31,NYJ,126.53205882352941,86.26490669371196,150.61386206896552,NA,NA,NA,NA,NA,NA,NA,NA,NA,NA,NA,NA
Drew Stevens,23,WAS,125.44829415954416,104.9478034188034,139.28798076923076,NA,NA,NA,NA,NA,NA,NA,NA,NA,NA,NA,NA
Riley Patterson,27,MIA,124.73800078616351,107.23075896226413,134.77274150943396,NA,NA,NA,NA,NA,NA,NA,NA,NA,NA,NA,NA
Joey Slye,30,TEN,123.95536650964135,118.41384451981659,135.7231390050876,NA,NA,NA,NA,NA,NA,NA,NA,NA,NA,NA,NA
Ryan Fitzgerald,NA,CAR,120.02832123998114,102.52820000000001,130.63732425742575,NA,NA,NA,NA,NA,NA,NA,NA,NA,NA,NA,NA
Matt Gay,32,LVR,116.37128736540821,93.8322,127.82951739130434,NA,NA,NA,NA,NA,NA,NA,NA,NA,NA,NA,NA
Spencer Shrader,27,IND,114.28108108108108,71.63810810810811,156.92405405405404,NA,NA,NA,NA,NA,NA,NA,NA,NA,NA,NA,NA
Andre Szmyt,28,CLE,113.78219075077456,93.0506,126.78031230342275,NA,NA,NA,NA,NA,NA,NA,NA,NA,NA,NA,NA
Cade York,25,NYJ,103.1412356321839,36.99362068965518,155.15237068965519,NA,NA,NA,NA,NA,NA,NA,NA,NA,NA,NA,NA
Ben Sauls,25,NYG,101.0946777153558,83.2367,124.29202983146068,NA,NA,NA,NA,NA,NA,NA,NA,NA,NA,NA,NA
Jake Moody,27,FA,92,92,92,NA,NA,NA,NA,NA,NA,NA,NA,NA,NA,NA,NA
Dominic Zvada,23,NYG,89.65235714285714,37.89393571428572,141.41077857142855,NA,NA,NA,NA,NA,NA,NA,NA,NA,NA,NA,NA
Zane Gonzalez,31,FA,83,83,83,NA,NA,NA,NA,NA,NA,NA,NA,NA,NA,NA,NA
Brandon McManus,35,FA,79,79,79,NA,NA,NA,NA,NA,NA,NA,NA,NA,NA,NA,NA
